{"stats":{"minecraft:dropped":{"minecraft:wheat_seeds":1},"minecraft:mined":{"minecraft:grass":18,"minecraft:tall_seagrass":1},"minecraft:custom":{"minecraft:jump":300,"minecraft:time_since_rest":17071,"minecraft:damage_dealt":1729,"minecraft:walk_on_water_one_cm":7383,"minecraft:sprint_one_cm":10045,"minecraft:play_time":17071,"minecraft:damage_taken":1071,"minecraft:time_since_death":17071,"minecraft:walk_one_cm":38934,"minecraft:sneak_time":4,"minecraft:total_world_time":17071,"minecraft:drop":1,"minecraft:fall_one_cm":3808,"minecraft:fly_one_cm":21675},"minecraft:picked_up":{"minecraft:wheat_seeds":2}},"DataVersion":3120}