{"stats":{"minecraft:mined":{"minecraft:grass":6,"minecraft:oak_log":1},"minecraft:custom":{"minecraft:jump":100,"minecraft:time_since_rest":18727,"minecraft:damage_dealt":322,"minecraft:walk_on_water_one_cm":1489,"minecraft:damage_taken":461,"minecraft:crouch_one_cm":1045,"minecraft:leave_game":2,"minecraft:play_time":18727,"minecraft:sprint_one_cm":7526,"minecraft:time_since_death":18727,"minecraft:walk_one_cm":61250,"minecraft:sneak_time":316,"minecraft:total_world_time":18727,"minecraft:fall_one_cm":629,"minecraft:fly_one_cm":11902},"minecraft:picked_up":{"minecraft:wheat_seeds":4}},"DataVersion":3120}