{"stats":{"minecraft:dropped":{"minecraft:wheat_seeds":1},"minecraft:mined":{"minecraft:grass":6},"minecraft:custom":{"minecraft:jump":199,"minecraft:time_since_rest":16346,"minecraft:damage_dealt":1473,"minecraft:crouch_one_cm":8,"minecraft:walk_on_water_one_cm":5509,"minecraft:sprint_one_cm":19130,"minecraft:play_time":16346,"minecraft:damage_taken":2179,"minecraft:time_since_death":16346,"minecraft:walk_one_cm":44888,"minecraft:sneak_time":9,"minecraft:total_world_time":16346,"minecraft:walk_under_water_one_cm":2028,"minecraft:swim_one_cm":286,"minecraft:drop":1,"minecraft:fall_one_cm":1578,"minecraft:fly_one_cm":27289},"minecraft:picked_up":{"minecraft:wheat_seeds":1}},"DataVersion":3120}