{"stats":{"minecraft:mined":{"minecraft:grass":1,"minecraft:fire":4,"minecraft:oak_leaves":1},"minecraft:used":{"minecraft:oak_log":1,"minecraft:netherite_sword":2,"minecraft:spyglass":6,"minecraft:grass_block":6,"minecraft:stone":2},"minecraft:custom":{"minecraft:time_since_rest":69390,"minecraft:crouch_one_cm":1206,"minecraft:sprint_one_cm":22935,"minecraft:play_time":80159,"minecraft:deaths":2,"minecraft:damage_taken":733,"minecraft:walk_one_cm":53530,"minecraft:sneak_time":1466,"minecraft:walk_under_water_one_cm":2155,"minecraft:mob_kills":1,"minecraft:jump":332,"minecraft:damage_dealt":662,"minecraft:leave_game":15,"minecraft:walk_on_water_one_cm":1202,"minecraft:time_since_death":69365,"minecraft:climb_one_cm":202,"minecraft:total_world_time":80159,"minecraft:fall_one_cm":5418,"minecraft:fly_one_cm":400844},"minecraft:killed":{"minecraft:pig":1},"minecraft:picked_up":{"minecraft:netherite_sword":2,"minecraft:porkchop":3,"minecraft:oak_log":1,"minecraft:grass_block":2}},"DataVersion":3120}