{"stats":{"minecraft:mined":{"minecraft:oak_leaves":1},"minecraft:used":{"minecraft:oak_log":1,"minecraft:netherite_sword":2,"minecraft:spyglass":6,"minecraft:grass_block":6,"minecraft:stone":2},"minecraft:custom":{"minecraft:time_since_rest":57390,"minecraft:crouch_one_cm":1108,"minecraft:sprint_one_cm":16297,"minecraft:play_time":68159,"minecraft:deaths":2,"minecraft:damage_taken":168,"minecraft:walk_one_cm":31827,"minecraft:sneak_time":1418,"minecraft:walk_under_water_one_cm":2155,"minecraft:mob_kills":1,"minecraft:jump":182,"minecraft:damage_dealt":245,"minecraft:leave_game":15,"minecraft:walk_on_water_one_cm":886,"minecraft:time_since_death":57365,"minecraft:climb_one_cm":202,"minecraft:total_world_time":68159,"minecraft:fall_one_cm":2488,"minecraft:fly_one_cm":384431},"minecraft:killed":{"minecraft:pig":1},"minecraft:picked_up":{"minecraft:netherite_sword":2,"minecraft:porkchop":3,"minecraft:oak_log":1,"minecraft:grass_block":2}},"DataVersion":3120}