{"stats":{"minecraft:used":{"minecraft:netherite_sword":2,"minecraft:spyglass":6,"minecraft:grass_block":5,"minecraft:stone":2},"minecraft:custom":{"minecraft:time_since_rest":51957,"minecraft:crouch_one_cm":802,"minecraft:sprint_one_cm":13210,"minecraft:play_time":62726,"minecraft:deaths":2,"minecraft:damage_taken":80,"minecraft:walk_one_cm":18339,"minecraft:sneak_time":1315,"minecraft:walk_under_water_one_cm":2155,"minecraft:mob_kills":1,"minecraft:jump":143,"minecraft:damage_dealt":195,"minecraft:leave_game":15,"minecraft:walk_on_water_one_cm":412,"minecraft:time_since_death":51932,"minecraft:climb_one_cm":202,"minecraft:total_world_time":62726,"minecraft:fall_one_cm":2488,"minecraft:fly_one_cm":379308},"minecraft:killed":{"minecraft:pig":1},"minecraft:picked_up":{"minecraft:netherite_sword":2,"minecraft:porkchop":3,"minecraft:grass_block":2}},"DataVersion":3120}